{
    "web": {
        "client_id": "322662765020-uetfhef43bvimuk2k3vgd3oni0b49ign.apps.googleusercontent.com",
        "project_id": "txilu-pizzas",
        "auth_uri": "https://accounts.google.com/o/oauth2/auth",
        "token_uri": "https://oauth2.googleapis.com/token",
        "auth_provider_x509_cert_url": "https://www.googleapis.com/oauth2/v1/certs",
        "client_secret": "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",
        "token_refesh" : "1//044vKqMsA8fUrCgYIARAAGAQSNwF-L9Irv0DWE0sbjed2oxUWfZK2oaC5bucM2YqF73Nnku9MyWccZB1TPTroTIBrBqzwsuehXFE",
        "redirect_uris": [
            "https://developers.google.com/oauthplayground"
        ]
    }
}